﻿<?xml version="1.0" encoding="utf-8" ?>
<log4net>
  <root>
    <level value="ALL"/>
    <appender-ref ref="LogFileAppender"/>
  </root>
   <appender name="RollingFile" type="log4net.Appender.RollingFileAppender">
    <file value="logs/message.log" />
    <param name="MaxSizeRollBackups" value="-1"/>
    <param name="MaximumFileSize" value="20MB"/>
    <param name="AppendToFile" value="true" />
    <parm name="StaticLogFileName" value="false" />
    <param name="RollingStyle" value="Composite" />
    <param name="DatePattern" value="yyyyMMdd.'log'" />
    <layout type="log4net.Layout.PatternLayout">
     <param name="ConversionPattern" value="%date [%thread] %-5level %logger - %message%newline" />
    </layout>
  </appender>
  <root>
    <level value="ALL" />
    <appender-ref ref="RollingFile" />
  </root>
</log4net>

